n,Trimloss,runtime
200,-5096.0,140.9295334815979
200,-5774.0,184.52716636657715
200,-5305.0,160.9805347919464
200,-6842.0,41.63577222824097
