n,Trimloss,runtime
500,-13599.0,1308.7725756168365
500,-13511.0,1059.7386844158173
