n,Trimloss,Fitness,runtime
200,21,50.1634588235294,235.2490119934082
200,24,50.04451764705878,233.82488250732422
200,31,51.76725283018868,178.29617714881897
200,9,55.64057857142853,171.94419026374817
