n,Trimloss,Fitness,runtime
500,74,135.05587246376786,1023.3682613372803
500,46,134.16622352941184,1029.2278182506561
